nim,name,kelas,angkatan,semester,tagline,asal_daerah,instagram
3336250001,Ahmad Fauzi,A,2025,1,Data is the new oil,Cilegon,@ahmadfauzi
3336250002,Budi Santoso,A,2025,1,Kerja keras beat bakat,Pandeglang,
3336250003,Citra Lestari,A,2025,1,Statistika untuk sosial,Serang,@citralestari
3336250004,Diana Putri,A,2025,1,Business analyst in training,Tangerang,
3336250005,Eko Prasetyo,A,2025,1,R is my weapon,Cilegon,
3336250006,Fitri Handayani,A,2025,1,Biostatistika enthusiast,Serang,
3336250007,Galih Nugroho,B,2025,1,Python > R (fight me),Pandeglang,
3336250008,Hana Maharani,B,2025,1,Data visualization lover,Cilegon,@hanamhr
3336250009,Irfan Hakim,B,2025,1,Machine learning journey,Tangerang,
3336250010,Joko Susilo,B,2025,1,Bayesian by heart,Serang,
3336250011,Kartika Dewi,B,2025,1,Women in STEM,Cilegon,
3336250012,Lukman Hakim,B,2025,1,Statistika nonparametrik,Pandeglang,
